{"AdjacentEdges":[[{"Node":1,"Weight":20},{"Node":3,"Weight":20},{"Node":7,"Weight":80},{"Node":4,"Weight":20}],[{"Node":0,"Weight":90}],[{"Node":3,"Weight":50},{"Node":1,"Weight":30},{"Node":0,"Weight":10}],[{"Node":2,"Weight":50},{"Node":8,"Weight":60}],[{"Node":7,"Weight":10},{"Node":5,"Weight":10}],[{"Node":4,"Weight":50},{"Node":6,"Weight":20},{"Node":7,"Weight":10}],[],[{"Node":5,"Weight":10},{"Node":1,"Weight":20}],[{"Node":5,"Weight":40}]],"Nodes":[{"_x":371,"_y":335},{"_x":234,"_y":525},{"_x":132,"_y":326},{"_x":259,"_y":146},{"_x":496,"_y":223},{"_x":773,"_y":303},{"_x":862,"_y":441},{"_x":556,"_y":530},{"_x":519,"_y":48}],"SelectedNode":0}