{"AdjacentEdges":[[{"Node":1,"Weight":7},{"Node":2,"Weight":6},{"Node":3,"Weight":3}],[{"Node":4,"Weight":12},{"Node":5,"Weight":9},{"Node":6,"Weight":2}],[{"Node":8,"Weight":3},{"Node":9,"Weight":11},{"Node":10,"Weight":8}],[{"Node":12,"Weight":9},{"Node":13,"Weight":5},{"Node":14,"Weight":6}],[{"Node":7,"Weight":7}],[{"Node":7,"Weight":1}],[{"Node":7,"Weight":5}],[{"Node":16,"Weight":8}],[{"Node":11,"Weight":9}],[{"Node":11,"Weight":8}],[{"Node":11,"Weight":13}],[{"Node":16,"Weight":4}],[{"Node":15,"Weight":3}],[{"Node":15,"Weight":2}],[{"Node":15,"Weight":6}],[{"Node":16,"Weight":14}],[]],"Nodes":[{"_x":159,"_y":335},{"_x":273,"_y":121},{"_x":297,"_y":335},{"_x":275,"_y":540},{"_x":428,"_y":51},{"_x":430,"_y":122},{"_x":428,"_y":192},{"_x":604,"_y":127},{"_x":430,"_y":274},{"_x":430,"_y":335},{"_x":431,"_y":393},{"_x":580,"_y":335},{"_x":435,"_y":479},{"_x":430,"_y":551},{"_x":430,"_y":629},{"_x":620,"_y":560},{"_x":726,"_y":335}],"SelectedNode":0}