{"AdjacentEdges":[[{"Node":2,"Weight":null}],[{"Node":5,"Weight":null},{"Node":6,"Weight":null},{"Node":7,"Weight":null}],[{"Node":1,"Weight":null},{"Node":4,"Weight":null},{"Node":3,"Weight":null}],[{"Node":11,"Weight":null},{"Node":12,"Weight":null}],[{"Node":8,"Weight":null},{"Node":9,"Weight":null},{"Node":10,"Weight":null}],[],[],[],[],[],[],[],[]],"Nodes":[{"_x":99,"_y":396},{"_x":344,"_y":273},{"_x":261,"_y":384},{"_x":419,"_y":554},{"_x":408,"_y":385},{"_x":390,"_y":136},{"_x":473,"_y":159},{"_x":563,"_y":242},{"_x":569,"_y":342},{"_x":553,"_y":427},{"_x":526,"_y":493},{"_x":582,"_y":587},{"_x":507,"_y":646}],"SelectedNode":0}