{
  "AdjacentEdges": [
    [
      {
        "Node": 2,
        "Weight": 0
      },
      {
        "Node": 1,
        "Weight": 16
      }
    ],
    [
      {
        "Node": 2,
        "Weight": -32
      }
    ],
    [
      {
        "Node": 3,
        "Weight": 0
      },
      {
        "Node": 7,
        "Weight": 8
      }
    ],
    [
      {
        "Node": 4,
        "Weight": 0
      },
      {
        "Node": 8,
        "Weight": 4
      }
    ],
    [
      {
        "Node": 5,
        "Weight": 0
      },
      {
        "Node": 9,
        "Weight": 2
      }
    ],
    [
      {
        "Node": 6,
        "Weight": 0
      },
      {
        "Node": 10,
        "Weight": 1
      }
    ],
    [
    ],
    [
      {
        "Node": 3,
        "Weight": 0
      }
    ],
    [
      {
        "Node": 4,
        "Weight": 7
      }
    ],
    [
      {
        "Node": 5,
        "Weight": -8
      }
    ],
    [
      {
        "Node": 6,
        "Weight": 0
      }
    ]
  ],
  "Nodes": [
    {
      "_x": 136,
      "_y": 289
    },
    {
      "_x": 186,
      "_y": 177
    },
    {
      "_x": 236,
      "_y": 289
    },
    {
      "_x": 336,
      "_y": 289
    },
    {
      "_x": 436,
      "_y": 289
    },
    {
      "_x": 536,
      "_y": 289
    },
    {
      "_x": 636,
      "_y": 289
    },
    {
      "_x": 286,
      "_y": 177
    },
    {
      "_x": 386,
      "_y": 177
    },
    {
      "_x": 486,
      "_y": 177
    },
    {
      "_x": 586,
      "_y": 177
    }
  ],
  "SelectedNode": 0
}