{"AdjacentEdges":[[{"Node":3,"Weight":null},{"Node":1,"Weight":null},{"Node":18,"Weight":null},{"Node":10,"Weight":null}],[{"Node":0,"Weight":null},{"Node":2,"Weight":null},{"Node":10,"Weight":null},{"Node":13,"Weight":null}],[{"Node":1,"Weight":null},{"Node":4,"Weight":null},{"Node":5,"Weight":null},{"Node":12,"Weight":null},{"Node":25,"Weight":null}],[{"Node":0,"Weight":null},{"Node":4,"Weight":null},{"Node":11,"Weight":null},{"Node":16,"Weight":null},{"Node":20,"Weight":null}],[{"Node":2,"Weight":null},{"Node":3,"Weight":null},{"Node":8,"Weight":null},{"Node":12,"Weight":null}],[{"Node":2,"Weight":null},{"Node":6,"Weight":null}],[{"Node":5,"Weight":null},{"Node":7,"Weight":null}],[{"Node":6,"Weight":null}],[{"Node":4,"Weight":null},{"Node":9,"Weight":null}],[{"Node":8,"Weight":null}],[{"Node":11,"Weight":null},{"Node":12,"Weight":null},{"Node":1,"Weight":null},{"Node":0,"Weight":null}],[{"Node":10,"Weight":null},{"Node":3,"Weight":null},{"Node":12,"Weight":null}],[{"Node":10,"Weight":null},{"Node":4,"Weight":null},{"Node":2,"Weight":null},{"Node":11,"Weight":null}],[{"Node":1,"Weight":null},{"Node":14,"Weight":null}],[{"Node":13,"Weight":null},{"Node":15,"Weight":null}],[{"Node":14,"Weight":null}],[{"Node":3,"Weight":null},{"Node":17,"Weight":null}],[{"Node":16,"Weight":null}],[{"Node":0,"Weight":null},{"Node":19,"Weight":null}],[{"Node":18,"Weight":null},{"Node":23,"Weight":null}],[{"Node":3,"Weight":null},{"Node":21,"Weight":null}],[{"Node":20,"Weight":null},{"Node":22,"Weight":null}],[{"Node":21,"Weight":null}],[{"Node":19,"Weight":null},{"Node":24,"Weight":null}],[{"Node":23,"Weight":null}],[{"Node":2,"Weight":null},{"Node":26,"Weight":null}],[{"Node":25,"Weight":null}]],"Nodes":[{"_x":227,"_y":328},{"_x":348,"_y":201},{"_x":522,"_y":298},{"_x":303,"_y":435},{"_x":478,"_y":441},{"_x":580,"_y":164},{"_x":720,"_y":114},{"_x":736,"_y":30},{"_x":555,"_y":543},{"_x":560,"_y":671},{"_x":335,"_y":319},{"_x":372,"_y":378},{"_x":425,"_y":318},{"_x":433,"_y":140},{"_x":483,"_y":85},{"_x":361,"_y":47},{"_x":224,"_y":526},{"_x":80,"_y":583},{"_x":124,"_y":283},{"_x":160,"_y":197},{"_x":385,"_y":535},{"_x":392,"_y":613},{"_x":325,"_y":677},{"_x":154,"_y":107},{"_x":99,"_y":35},{"_x":654,"_y":317},{"_x":829,"_y":289}],"SelectedNode":2}